,Mean Absolute Error,Mean Squared Error,Series Name
0,2.57861879996805e-13,2.0615832939529916e-25,Linear_regression
1,7.02565057982459e-11,3.9655496703942805e-20,SVM-linear
2,227.31813333333335,3212341.510536,Random forest
